"word";"in documents";"total"
"abandon";1.0;1.0
"abella";2.0;4.0
"abrog";4.0;4.0
"abus";2.0;3.0
"academ";2.0;2.0
"acceler";2.0;2.0
"accept";3.0;3.0
"access";1.0;1.0
"accommod";1.0;2.0
"accompani";1.0;1.0
"accord";10.0;13.0
"account";2.0;2.0
"accumul";1.0;1.0
"accur";1.0;1.0
"achiev";7.0;8.0
"acknowledg";2.0;6.0
"action";5.0;8.0
"activ";10.0;17.0
"adapt";2.0;2.0
"addict";3.0;3.0
"addit";3.0;3.0
"address";4.0;7.0
"adher";3.0;4.0
"adjust";2.0;2.0
"administr";10.0;15.0
"adopt";4.0;4.0
"adulyadej";1.0;2.0
"advanc";1.0;1.0
"advis";1.0;1.0
"affair";4.0;5.0
"affect";3.0;3.0
"affirm";3.0;12.0
"afraid";1.0;2.0
"afternoon";1.0;1.0
"agenc";4.0;5.0
"agenda";2.0;3.0
"agre";8.0;47.0
"agreement";12.0;29.0
"agricultur";5.0;28.0
"ahead";6.0;6.0
"aiib";2.0;2.0
"aileen";1.0;1.0
"ailment";1.0;1.0
"airlin";2.0;2.0
"airport";2.0;2.0
"akihito";2.0;2.0
"aliv";1.0;1.0
"allevi";2.0;4.0
"alli";6.0;7.0
"allianc";5.0;10.0
"alloc";2.0;2.0
"allow";8.0;8.0
"aloud";1.0;1.0
"altern";1.0;1.0
"ambassador";1.0;1.0
"ambisyon";1.0;3.0
"ambit";2.0;2.0
"amelior";1.0;1.0
"america";2.0;2.0
"american";1.0;1.0
"amic";2.0;2.0
"amok";1.0;1.0
"amount";1.0;1.0
"amphibi";1.0;1.0
"analyst";2.0;3.0
"ancestr";2.0;2.0
"anew";1.0;1.0
"anim";3.0;6.0
"annex";3.0;4.0
"announc";6.0;8.0
"annual";3.0;3.0
"antara";1.0;1.0
"anti";5.0;7.0
"anticip";1.0;1.0
"anxious";1.0;1.0
"anymor";1.0;2.0
"apart";1.0;1.0
"apolog";1.0;1.0
"appar";3.0;3.0
"applaud";1.0;1.0
"appreci";3.0;3.0
"appropri";3.0;3.0
"approv";1.0;1.0
"apterr";2.0;2.0
"aquino";6.0;8.0
"arbitr";5.0;6.0
"architectur";2.0;2.0
"area";14.0;30.0
"argument";1.0;1.0
"armi";2.0;3.0
"arrang";3.0;8.0
"arriv";5.0;5.0
"arthur";1.0;1.0
"articl";1.0;7.0
"asean";13.0;39.0
"asia";6.0;9.0
"asian";7.0;8.0
"asid";2.0;2.0
"aspir";2.0;4.0
"assist";10.0;18.0
"associ";3.0;4.0
"assum";5.0;5.0
"atmospher";4.0;4.0
"attach";2.0;2.0
"attempt";1.0;1.0
"attend";2.0;2.0
"august";2.0;3.0
"author";7.0;11.0
"avenu";1.0;1.0
"avers";1.0;1.0
"avoid";2.0;2.0
"await";1.0;1.0
"awang";1.0;1.0
"back";1.0;1.0
"backdrop";2.0;2.0
"background";1.0;1.0
"baffl";1.0;1.0
"bakar";1.0;1.0
"balagtey";1.0;5.0
"balatey";1.0;1.0
"bambang";1.0;1.0
"banaag";1.0;4.0
"banana";3.0;3.0
"bandar";1.0;1.0
"bangko";2.0;2.0
"bank";3.0;6.0
"banquet";1.0;1.0
"barrier";1.0;1.0
"base";5.0;5.0
"basi";4.0;4.0
"batac";1.0;1.0
"baviera";1.0;2.0
"becom";1.0;1.0
"beef";1.0;1.0
"began";1.0;1.0
"begawan";1.0;1.0
"begin";2.0;2.0
"begun";1.0;1.0
"behalf";1.0;1.0
"beij";16.0;23.0
"believ";1.0;1.0
"belt";1.0;1.0
"benefici";5.0;5.0
"benefit";10.0;20.0
"benigno";6.0;8.0
"benito";1.0;1.0
"bhumibol";1.0;2.0
"bilater";18.0;54.0
"billion";3.0;7.0
"bing";1.0;1.0
"blast";1.0;1.0
"blister";1.0;1.0
"bloodi";1.0;1.0
"boat";1.0;1.0
"bodi";1.0;2.0
"bold";1.0;1.0
"bolkiah";2.0;2.0
"bolster";2.0;2.0
"bond";3.0;7.0
"bossi";1.0;1.0
"bound";1.0;1.0
"brand";1.0;1.0
"break";4.0;6.0
"breed";1.0;1.0
"brief";3.0;3.0
"brig";1.0;1.0
"bring";4.0;6.0
"broadcast";2.0;2.0
"broaden";3.0;3.0
"brothel";1.0;1.0
"brother";1.0;2.0
"brought";2.0;2.0
"brown";1.0;2.0
"brunei";3.0;11.0
"budget";2.0;2.0
"build";7.0;22.0
"built";1.0;1.0
"bureau";3.0;3.0
"buri";1.0;1.0
"burial";1.0;3.0
"busi";5.0;5.0
"businessman";1.0;1.0
"businessmen";1.0;1.0
"buyer";2.0;2.0
"cabinet";1.0;1.0
"call";7.0;7.0
"callamard";1.0;3.0
"came";2.0;3.0
"camp";2.0;4.0
"campaign";4.0;7.0
"cancel";3.0;3.0
"candid";1.0;1.0
"capabl";3.0;4.0
"capac";4.0;13.0
"capit";2.0;2.0
"capita";1.0;1.0
"captiv";1.0;1.0
"carlo";1.0;1.0
"carpet";1.0;1.0
"carpio";1.0;1.0
"carri";1.0;1.0
"case";7.0;7.0
"casipl";1.0;3.0
"caus";2.0;2.0
"cement";4.0;4.0
"cemeteri";1.0;5.0
"center";6.0;13.0
"central";2.0;2.0
"centuri";4.0;4.0
"ceremoni";6.0;7.0
"chain";2.0;2.0
"chair";2.0;2.0
"chairman";2.0;2.0
"chairmanship";2.0;2.0
"challeng";1.0;1.0
"chang";6.0;9.0
"chart";1.0;1.0
"charter";2.0;4.0
"checkpoint";1.0;1.0
"chen";1.0;1.0
"chiang";2.0;2.0
"children";1.0;1.0
"china";25.0;232.0
"chines";16.0;37.0
"choic";1.0;1.0
"choos";1.0;1.0
"chosen";1.0;1.0
"chow";1.0;1.0
"cite";2.0;2.0
"citi";8.0;27.0
"citizen";2.0;2.0
"civil";2.0;2.0
"claim";1.0;1.0
"claimant";1.0;1.0
"clark";1.0;1.0
"class";1.0;1.0
"clean";1.0;1.0
"clear";2.0;2.0
"climat";3.0;4.0
"close";3.0;3.0
"closer";1.0;1.0
"closest";1.0;1.0
"cmim";2.0;2.0
"coast";4.0;9.0
"code";2.0;2.0
"cold";1.0;1.0
"collabor";1.0;1.0
"collect";2.0;2.0
"coloni";3.0;3.0
"combat";4.0;6.0
"come";2.0;2.0
"comfort";1.0;10.0
"command";1.0;2.0
"commemor";2.0;2.0
"comment";2.0;2.0
"commerc";2.0;6.0
"commiss";3.0;6.0
"commit";9.0;25.0
"committe";3.0;8.0
"common";8.0;11.0
"communic";5.0;12.0
"communiqu";2.0;4.0
"communist";1.0;1.0
"communiti";3.0;3.0
"compat";1.0;1.0
"compens";1.0;2.0
"compet";2.0;2.0
"complementar";2.0;2.0
"complet";1.0;1.0
"complex";1.0;1.0
"compli";2.0;2.0
"complianc";2.0;4.0
"complic";3.0;3.0
"compon";2.0;2.0
"comprehens";3.0;3.0
"concern";6.0;13.0
"concert";2.0;2.0
"concession";2.0;2.0
"conclud";1.0;1.0
"conclus";3.0;3.0
"condit";2.0;2.0
"condol";1.0;1.0
"condominium";1.0;1.0
"conduc";4.0;5.0
"conduct";8.0;15.0
"confer";7.0;7.0
"confid";2.0;4.0
"congress";2.0;2.0
"consensus";8.0;13.0
"consid";3.0;3.0
"consist";1.0;2.0
"constitut";1.0;1.0
"construct";4.0;5.0
"consul";2.0;2.0
"consular";2.0;2.0
"consult";6.0;11.0
"contact";2.0;2.0
"contain";3.0;3.0
"contenti";2.0;2.0
"continu";11.0;20.0
"contribut";6.0;7.0
"control";8.0;9.0
"controversi";1.0;1.0
"conveni";2.0;2.0
"cooper";24.0;143.0
"coordin";3.0;5.0
"copi";1.0;1.0
"core";2.0;2.0
"corpor";3.0;3.0
"correct";2.0;2.0
"corrupt";1.0;1.0
"council";3.0;8.0
"counselor";2.0;2.0
"counter";2.0;2.0
"counterbal";1.0;1.0
"counterpart";4.0;4.0
"countri";27.0;93.0
"cours";3.0;3.0
"court";1.0;6.0
"cover";1.0;1.0
"creat";4.0;4.0
"credit";2.0;2.0
"crime";4.0;9.0
"critic";6.0;8.0
"crowd";1.0;1.0
"crown";1.0;1.0
"crucial";1.0;1.0
"cultur";3.0;7.0
"currenc";2.0;2.0
"current";5.0;5.0
"custom";3.0;4.0
"cybercrim";2.0;2.0
"daili";1.0;1.0
"daughter";1.0;1.0
"davao";8.0;19.0
"dead";1.0;1.0
"death";3.0;3.0
"debilit";1.0;1.0
"decatur";1.0;1.0
"decid";2.0;2.0
"decis";2.0;2.0
"declar";4.0;4.0
"declin";1.0;2.0
"decongest";1.0;1.0
"deed";1.0;1.0
"deep";1.0;1.0
"deepen";1.0;1.0
"deepli";1.0;1.0
"defenc";3.0;3.0
"defens";11.0;24.0
"dejiang";3.0;3.0
"delay";1.0;1.0
"deleg";2.0;2.0
"delfin";2.0;2.0
"deliber";1.0;1.0
"deliv";2.0;2.0
"demand";2.0;2.0
"demonstr";1.0;1.0
"denounc";1.0;1.0
"depart";10.0;27.0
"depend";3.0;4.0
"depth";2.0;2.0
"deputi";2.0;2.0
"describ";1.0;1.0
"deserv";2.0;3.0
"destroy";2.0;3.0
"detect";2.0;2.0
"deterior";2.0;2.0
"determin";1.0;1.0
"develop";17.0;72.0
"diagnos";1.0;1.0
"dialogu";8.0;14.0
"dictat";2.0;2.0
"differ";4.0;4.0
"digniti";1.0;1.0
"diplomaci";2.0;2.0
"diplomat";6.0;9.0
"direct";3.0;3.0
"director";3.0;4.0
"disast";3.0;4.0
"discord";1.0;2.0
"discourag";1.0;1.0
"discov";2.0;2.0
"discuss";9.0;11.0
"disgrac";1.0;1.0
"disguis";1.0;1.0
"dismantl";1.0;1.0
"display";1.0;1.0
"disput";9.0;17.0
"disrupt";1.0;1.0
"dissatisfact";1.0;1.0
"distract";2.0;2.0
"diversifi";1.0;1.0
"divid";1.0;1.0
"dmitri";1.0;1.0
"document";6.0;8.0
"dollar";1.0;3.0
"domest";2.0;4.0
"dominguez";1.0;1.0
"donat";3.0;3.0
"donor";1.0;1.0
"dovetail";1.0;1.0
"drag";1.0;1.0
"draw";1.0;1.0
"drill";1.0;1.0
"driven";2.0;2.0
"drug";11.0;46.0
"duli";1.0;1.0
"dutert";42.0;159.0
"duti";1.0;1.0
"dwindl";1.0;1.0
"earl";1.0;1.0
"earlier";8.0;8.0
"east";1.0;1.0
"eastern";1.0;2.0
"ecija";2.0;4.0
"econom";14.0;48.0
"economi";2.0;2.0
"edca";1.0;1.0
"educ";5.0;8.0
"effect";3.0;5.0
"effort";6.0;16.0
"eight";1.0;1.0
"elabor";1.0;1.0
"elect";2.0;2.0
"elector";2.0;2.0
"elimin";1.0;1.0
"embassi";2.0;2.0
"emerg";5.0;10.0
"emperor";3.0;3.0
"emphasi";1.0;1.0
"employ";2.0;2.0
"empress";1.0;1.0
"enabl";1.0;2.0
"encourag";5.0;16.0
"endur";1.0;1.0
"enemi";2.0;2.0
"energi";3.0;3.0
"enforc";3.0;4.0
"engag";1.0;2.0
"engin";2.0;2.0
"enhanc";14.0;33.0
"enjoy";2.0;2.0
"enmiti";1.0;1.0
"enrich";3.0;3.0
"enshrin";2.0;2.0
"ensur";1.0;1.0
"enter";1.0;1.0
"enterpris";2.0;2.0
"entireti";2.0;2.0
"entitl";2.0;2.0
"environ";2.0;2.0
"environment";2.0;2.0
"envoy";1.0;2.0
"episod";1.0;1.0
"equal";5.0;6.0
"equip";3.0;3.0
"equit";1.0;1.0
"erad";2.0;3.0
"ernesto";2.0;2.0
"escal";2.0;2.0
"especi";4.0;4.0
"establish";3.0;6.0
"estim";1.0;1.0
"europ";2.0;2.0
"european";1.0;1.0
"evangelista";1.0;1.0
"evas";1.0;1.0
"even";2.0;2.0
"event";1.0;1.0
"evolv";2.0;2.0
"exchang";4.0;33.0
"excus";1.0;1.0
"execut";8.0;10.0
"exercis";7.0;12.0
"exil";1.0;1.0
"exist";3.0;3.0
"expand";2.0;4.0
"expatri";1.0;1.0
"expect";10.0;10.0
"expel";2.0;2.0
"expenditur";1.0;1.0
"experi";4.0;4.0
"expert";2.0;3.0
"expertis";1.0;1.0
"explain";1.0;1.0
"explan";1.0;1.0
"explor";3.0;9.0
"explos";1.0;1.0
"export";4.0;5.0
"express";6.0;27.0
"expuls";1.0;1.0
"extend";4.0;5.0
"extrajudici";1.0;1.0
"extrem";2.0;4.0
"extremadura";1.0;4.0
"ezra";1.0;1.0
"face";1.0;1.0
"facebook";1.0;1.0
"facil";6.0;14.0
"fact";1.0;1.0
"fail";1.0;1.0
"fall";1.0;1.0
"famili";2.0;4.0
"farcic";1.0;1.0
"feasibl";2.0;2.0
"feather";1.0;1.0
"feel";1.0;1.0
"ferdinand";1.0;1.0
"field";4.0;9.0
"fierc";1.0;1.0
"fight";8.0;14.0
"file";2.0;3.0
"filipino";12.0;16.0
"final";4.0;5.0
"financ";4.0;12.0
"financi";2.0;4.0
"find";2.0;2.0
"fine";1.0;1.0
"fire";1.0;1.0
"fiscal";1.0;1.0
"fisheri";2.0;2.0
"flex";1.0;1.0
"flight";3.0;5.0
"focus";4.0;5.0
"follow";1.0;2.0
"food";2.0;2.0
"foot";1.0;1.0
"forc";8.0;14.0
"foreign";19.0;32.0
"forg";5.0;5.0
"form";3.0;3.0
"formal";1.0;1.0
"former";6.0;7.0
"formul";4.0;5.0
"fort";2.0;2.0
"forth";1.0;1.0
"forum";4.0;5.0
"forward";5.0;6.0
"found";3.0;3.0
"foundat";4.0;4.0
"framework";3.0;3.0
"fraud";2.0;4.0
"free";2.0;2.0
"freedom";3.0;3.0
"freez";1.0;1.0
"fresh";1.0;1.0
"friday";12.0;15.0
"friend";10.0;16.0
"friendship";6.0;10.0
"frosti";1.0;1.0
"fruit";3.0;3.0
"full";3.0;5.0
"fund";2.0;2.0
"fundament";1.0;1.0
"furnish";1.0;1.0
"further";8.0;13.0
"futur";1.0;1.0
"gain";4.0;4.0
"game";2.0;3.0
"gaoli";2.0;2.0
"gave";1.0;1.0
"general";5.0;6.0
"generat";1.0;2.0
"geng";1.0;2.0
"geopolit";1.0;2.0
"give";3.0;3.0
"given";2.0;2.0
"glass";1.0;1.0
"global";2.0;2.0
"goal";2.0;2.0
"gone";1.0;1.0
"good";3.0;8.0
"goodwil";1.0;1.0
"govern";16.0;38.0
"government";2.0;2.0
"grace";1.0;1.0
"gradual";1.0;1.0
"grandmoth";1.0;3.0
"grant";2.0;2.0
"gratitud";1.0;1.0
"great";2.0;2.0
"greater";1.0;1.0
"ground";1.0;1.0
"group";6.0;10.0
"grow";4.0;4.0
"growth";9.0;13.0
"guard";4.0;9.0
"guess";1.0;1.0
"guid";2.0;3.0
"hail";4.0;4.0
"haji";2.0;2.0
"halal";1.0;1.0
"half";2.0;2.0
"hallow";1.0;2.0
"hand";3.0;3.0
"handl";4.0;6.0
"handsom";1.0;1.0
"happen";2.0;2.0
"haribon";1.0;3.0
"hassan";2.0;2.0
"hawaii";1.0;1.0
"head";1.0;1.0
"headquart";1.0;1.0
"health";7.0;12.0
"healthi";2.0;2.0
"heartfelt";1.0;1.0
"heat";2.0;2.0
"hegemon";1.0;1.0
"hegemoni";1.0;2.0
"heir";1.0;1.0
"held";6.0;6.0
"help";11.0;12.0
"heritag";1.0;1.0
"hero";1.0;3.0
"high";1.0;1.0
"higher";1.0;1.0
"highlight";1.0;2.0
"highway";3.0;3.0
"hire";1.0;1.0
"histor";6.0;7.0
"hold";6.0;6.0
"hometown";1.0;1.0
"honest";1.0;1.0
"honor";2.0;3.0
"hope";6.0;7.0
"hospit";1.0;1.0
"hous";3.0;3.0
"household";1.0;1.0
"huang";1.0;1.0
"huge";2.0;2.0
"human";5.0;7.0
"humanitarian";2.0;4.0
"hunger";1.0;1.0
"hybrid";2.0;2.0
"identifi";3.0;5.0
"ignor";1.0;1.0
"igor";1.0;1.0
"illeg";4.0;4.0
"illicit";4.0;10.0
"illus";1.0;2.0
"iloco";1.0;1.0
"imag";1.0;2.0
"iman";2.0;2.0
"immedi";3.0;3.0
"immin";1.0;1.0
"impact";2.0;2.0
"impair";1.0;1.0
"imperi";1.0;1.0
"implement";6.0;16.0
"impli";1.0;1.0
"import";7.0;20.0
"impos";1.0;1.0
"impress";1.0;1.0
"improv";8.0;10.0
"inch";1.0;1.0
"incid";2.0;2.0
"includ";15.0;41.0
"inclus";4.0;4.0
"incom";1.0;1.0
"increas";6.0;17.0
"inday";1.0;1.0
"inde";2.0;2.0
"independ";6.0;9.0
"indonesia";1.0;1.0
"indoor";1.0;1.0
"industri";4.0;11.0
"influenc";3.0;5.0
"inform";3.0;8.0
"infrastructur";11.0;22.0
"infus";2.0;2.0
"initi";5.0;5.0
"injur";1.0;1.0
"innov";3.0;3.0
"insist";1.0;1.0
"inspect";3.0;6.0
"instal";1.0;1.0
"instead";2.0;2.0
"institut";5.0;6.0
"instruct";1.0;1.0
"instrument";3.0;3.0
"integr";6.0;6.0
"intellig";3.0;5.0
"intend";2.0;2.0
"intens";1.0;1.0
"intensifi";2.0;2.0
"intent";2.0;2.0
"inter";1.0;1.0
"interact";2.0;2.0
"interbank";2.0;2.0
"interest";11.0;22.0
"interfer";3.0;3.0
"intern";13.0;23.0
"interoper";1.0;1.0
"intervent";3.0;3.0
"interview";3.0;3.0
"intrus";1.0;4.0
"invest";9.0;25.0
"investig";3.0;4.0
"invit";6.0;11.0
"involv";2.0;2.0
"irrespons";1.0;1.0
"irrig";2.0;2.0
"island";2.0;2.0
"issu";14.0;29.0
"issuanc";2.0;2.0
"istana";2.0;2.0
"jail";1.0;1.0
"japan";11.0;55.0
"japanes";9.0;18.0
"jean";1.0;1.0
"jinp";11.0;16.0
"jock";1.0;1.0
"join";2.0;2.0
"joint";12.0;49.0
"juli";3.0;3.0
"june";10.0;10.0
"jurisdict";2.0;2.0
"justic";1.0;1.0
"kang";3.0;3.0
"keep";3.0;3.0
"keola";2.0;3.0
"keqiang";3.0;3.0
"khovaev";1.0;3.0
"kill";2.0;8.0
"kind";1.0;2.0
"king";1.0;4.0
"know";6.0;8.0
"kowtow";1.0;1.0
"laboratori";2.0;2.0
"labour";1.0;1.0
"lack";1.0;1.0
"laid";1.0;1.0
"lament";1.0;1.0
"land";2.0;2.0
"landscap";1.0;1.0
"lane";1.0;1.0
"larg";1.0;1.0
"largest";1.0;1.0
"lash";1.0;1.0
"last";1.0;1.0
"late";4.0;4.0
"launch";1.0;1.0
"laur";1.0;1.0
"leader";14.0;24.0
"leagu";1.0;1.0
"learn";1.0;1.0
"leash";1.0;1.0
"leav";3.0;3.0
"legisl";3.0;3.0
"legitim";2.0;2.0
"level";4.0;7.0
"leverag";2.0;2.0
"light";3.0;3.0
"like";1.0;1.0
"lila";1.0;3.0
"line";2.0;2.0
"link";1.0;1.0
"list";4.0;8.0
"live";5.0;7.0
"loan";4.0;8.0
"lobbi";1.0;1.0
"local";6.0;9.0
"locat";1.0;1.0
"lola";1.0;1.0
"longer";1.0;1.0
"longest";1.0;1.0
"look";8.0;10.0
"lorenazana";1.0;1.0
"lorenzana";2.0;4.0
"lulli";1.0;1.0
"machineri";2.0;2.0
"made";11.0;12.0
"magsaysay";2.0;2.0
"maha";1.0;1.0
"main";1.0;1.0
"maintain";5.0;6.0
"majesti";1.0;1.0
"major";7.0;8.0
"make";15.0;20.0
"malacanang";5.0;5.0
"malaya";2.0;2.0
"malaysian";1.0;1.0
"manag";3.0;3.0
"mango";2.0;2.0
"manila";14.0;22.0
"mankind";1.0;1.0
"manner";3.0;3.0
"marco";1.0;10.0
"marcos";1.0;1.0
"mari";1.0;1.0
"marin";3.0;3.0
"maritim";7.0;10.0
"mark";2.0;2.0
"market";3.0;3.0
"mathemat";2.0;2.0
"matter";4.0;4.0
"mausoleum";1.0;1.0
"mayb";2.0;2.0
"mayor";2.0;2.0
"mean";5.0;8.0
"meaning";2.0;2.0
"meaningless";1.0;1.0
"measur";2.0;2.0
"mechan";3.0;10.0
"media";4.0;12.0
"medialdea";1.0;1.0
"medium";1.0;1.0
"medvedev";1.0;2.0
"meet";16.0;26.0
"mega";2.0;2.0
"member";2.0;2.0
"memoranda";2.0;2.0
"memorandum";3.0;22.0
"menac";1.0;1.0
"mental";1.0;1.0
"mention";3.0;3.0
"mess";1.0;2.0
"method";1.0;1.0
"middl";1.0;1.0
"mileston";3.0;3.0
"militari";18.0;37.0
"militarili";1.0;1.0
"million";7.0;9.0
"mindanao";9.0;10.0
"mindset";1.0;1.0
"mingjiang";1.0;1.0
"minist";13.0;16.0
"ministri";9.0;19.0
"mission";1.0;1.0
"mitig";2.0;2.0
"miura";1.0;1.0
"model";2.0;2.0
"modern";1.0;1.0
"momentum";3.0;3.0
"monarch";2.0;4.0
"monday";1.0;1.0
"month";5.0;10.0
"moreov";2.0;2.0
"morn";3.0;3.0
"moscow";1.0;2.0
"mourn";1.0;1.0
"mous";2.0;2.0
"move";3.0;4.0
"muddi";2.0;2.0
"multilater";3.0;6.0
"muscl";1.0;1.0
"mutual";12.0;35.0
"nanyang";1.0;1.0
"narco";3.0;3.0
"narcot";4.0;4.0
"narrow";1.0;1.0
"nation";15.0;36.0
"nationwid";1.0;1.0
"naval";1.0;1.0
"navi";1.0;1.0
"navig";3.0;3.0
"necessari";3.0;4.0
"negoti";6.0;6.0
"neighbor";1.0;1.0
"newli";1.0;2.0
"news";9.0;12.0
"newspap";1.0;2.0
"ngeow";1.0;1.0
"night";1.0;1.0
"normal";3.0;4.0
"nort";1.0;1.0
"north";2.0;2.0
"northern";1.0;1.0
"nosediv";1.0;1.0
"notabl";1.0;1.0
"note";2.0;6.0
"novemb";1.0;2.0
"nueva";2.0;4.0
"number";4.0;4.0
"nurtur";1.0;1.0
"nurul";2.0;2.0
"oath";2.0;2.0
"object";3.0;3.0
"observ";2.0;2.0
"obstacl";1.0;1.0
"obtain";1.0;1.0
"obvious";1.0;1.0
"octob";4.0;6.0
"offer";5.0;6.0
"offic";14.0;20.0
"offici";8.0;11.0
"open";4.0;5.0
"oper";5.0;10.0
"opportun";5.0;7.0
"oppos";3.0;3.0
"optim";1.0;1.0
"oral";1.0;1.0
"order";8.0;12.0
"organ";5.0;10.0
"other";4.0;8.0
"outdat";1.0;1.0
"outsid";1.0;1.0
"outspoken";1.0;1.0
"over";1.0;1.0
"overal";2.0;2.0
"overcom";1.0;1.0
"overthrown";1.0;1.0
"pacif";5.0;6.0
"pack";2.0;2.0
"packag";1.0;1.0
"page";1.0;1.0
"paid";1.0;1.0
"palac";6.0;9.0
"panacan";1.0;1.0
"paradigm";1.0;1.0
"pari";1.0;1.0
"parreno";1.0;2.0
"parrot";1.0;1.0
"part";5.0;5.0
"parti";8.0;13.0
"particip";3.0;3.0
"particular";3.0;3.0
"partner";4.0;6.0
"partnership";5.0;8.0
"pass";1.0;2.0
"path";1.0;2.0
"patient";1.0;3.0
"patrol";4.0;4.0
"paulyn";1.0;1.0
"pave";1.0;1.0
"peac";14.0;32.0
"peacekeep";2.0;2.0
"peopl";16.0;66.0
"percent";4.0;5.0
"perfecto";1.0;1.0
"period";1.0;1.0
"peripheri";1.0;1.0
"permit";2.0;2.0
"perpetu";1.0;1.0
"person";4.0;6.0
"personnel";4.0;5.0
"perspect";1.0;1.0
"peso";1.0;3.0
"petit";1.0;2.0
"phiblex";1.0;1.0
"phil";2.0;2.0
"philippin";42.0;260.0
"picquart";1.0;2.0
"pierr";1.0;1.0
"pilipina";3.0;5.0
"pineappl";3.0;3.0
"pivot";1.0;1.0
"place";4.0;4.0
"plagu";1.0;1.0
"plan";12.0;18.0
"planet";1.0;1.0
"plant";3.0;6.0
"platform";2.0;2.0
"plead";1.0;1.0
"pleas";1.0;1.0
"pleasur";2.0;2.0
"pledg";2.0;2.0
"plight";1.0;2.0
"plot";1.0;1.0
"point";2.0;3.0
"polic";2.0;4.0
"policemen";1.0;1.0
"polici";11.0;18.0
"polit";7.0;11.0
"politician";2.0;2.0
"poor";1.0;1.0
"port";1.0;1.0
"pose";2.0;2.0
"posit";6.0;8.0
"possibl";2.0;2.0
"post";2.0;2.0
"potenti";5.0;6.0
"poverti";3.0;3.0
"power";1.0;1.0
"practic";2.0;8.0
"prais";1.0;1.0
"predecessor";3.0;5.0
"predict";1.0;1.0
"predomin";1.0;1.0
"preferenti";2.0;2.0
"prejudic";2.0;2.0
"premier";3.0;5.0
"premis";2.0;2.0
"prepar";3.0;5.0
"presenc";1.0;1.0
"present";1.0;1.0
"preserv";2.0;2.0
"presid";42.0;85.0
"presidenti";9.0;13.0
"press";3.0;4.0
"prevent";3.0;5.0
"previous";2.0;3.0
"prime";9.0;11.0
"princ";1.0;2.0
"principl";4.0;13.0
"prior";1.0;1.0
"prioriti";4.0;7.0
"probe";1.0;1.0
"problem";6.0;7.0
"process";5.0;5.0
"procur";2.0;2.0
"product";6.0;11.0
"profession";2.0;2.0
"professor";2.0;3.0
"program";5.0;12.0
"progress";5.0;6.0
"prohibit";1.0;1.0
"project";6.0;11.0
"promis";2.0;2.0
"promot";7.0;18.0
"prompt";3.0;3.0
"proof";1.0;1.0
"proper";5.0;7.0
"properti";2.0;2.0
"propos";3.0;3.0
"prosper";5.0;5.0
"protect";6.0;7.0
"protest";1.0;1.0
"protocol";2.0;2.0
"prove";2.0;2.0
"provid";6.0;6.0
"provinc";4.0;4.0
"provoc";1.0;3.0
"publish";1.0;1.0
"purpos";3.0;4.0
"pursu";9.0;10.0
"purwanto";1.0;2.0
"push";2.0;2.0
"pusher";2.0;2.0
"pushov";1.0;1.0
"qualiti";4.0;5.0
"quarantin";3.0;6.0
"question";1.0;1.0
"quot";1.0;1.0
"rail";1.0;1.0
"railway";1.0;1.0
"rais";2.0;3.0
"rajaratnam";1.0;1.0
"ramon";2.0;2.0
"rank";3.0;3.0
"rappler";1.0;1.0
"rapporteur";1.0;3.0
"reach";5.0;8.0
"read";1.0;1.0
"readi";8.0;12.0
"reaffirm";4.0;9.0
"realign";1.0;1.0
"realiz";3.0;8.0
"reason";3.0;3.0
"rebalanc";1.0;1.0
"recal";3.0;3.0
"recalcitr";1.0;1.0
"receiv";1.0;1.0
"recent";4.0;4.0
"rechilda";1.0;1.0
"reciproc";2.0;2.0
"recogn";3.0;6.0
"recognit";2.0;3.0
"refer";2.0;2.0
"reflect";1.0;1.0
"reform";5.0;12.0
"regard";7.0;10.0
"region";11.0;35.0
"regul";2.0;2.0
"regular";3.0;3.0
"rehabilit";6.0;11.0
"reign";1.0;1.0
"reinforc";2.0;3.0
"reiter";8.0;8.0
"relaps";1.0;1.0
"relat";17.0;52.0
"relationship";8.0;18.0
"releas";5.0;5.0
"relentless";1.0;1.0
"relev";5.0;10.0
"relief";2.0;2.0
"remain";5.0;5.0
"remark";7.0;11.0
"renew";2.0;2.0
"repeat";1.0;1.0
"report";7.0;9.0
"repres";4.0;4.0
"represent";2.0;2.0
"republ";3.0;54.0
"request";2.0;2.0
"research";2.0;8.0
"reserv";4.0;4.0
"resolut";1.0;1.0
"resolv";3.0;3.0
"resort";2.0;2.0
"resourc";2.0;2.0
"respect";5.0;9.0
"respons";6.0;6.0
"rest";2.0;2.0
"restart";1.0;1.0
"restor";3.0;3.0
"restraint";2.0;2.0
"result";6.0;7.0
"resum";3.0;3.0
"retir";1.0;1.0
"return";6.0;6.0
"reveal";1.0;1.0
"revenu";1.0;1.0
"rever";1.0;1.0
"revers";1.0;1.0
"review";1.0;3.0
"revit";1.0;1.0
"rice";2.0;4.0
"right";4.0;8.0
"rise";1.0;1.0
"road";1.0;1.0
"roadmap";1.0;1.0
"rock";1.0;1.0
"rodrigo";41.0;52.0
"role";4.0;7.0
"roll";1.0;2.0
"ronni";1.0;1.0
"room";2.0;2.0
"rope";1.0;1.0
"rose";1.0;1.0
"rotat";1.0;1.0
"routin";1.0;1.0
"royal";1.0;1.0
"ruan";1.0;2.0
"rule";2.0;2.0
"rulun";1.0;1.0
"rumpl";1.0;1.0
"rural";1.0;1.0
"russia";1.0;9.0
"russian";1.0;4.0
"sacrific";1.0;1.0
"safeguard";1.0;3.0
"safer";1.0;1.0
"safeti";4.0;6.0
"said";37.0;160.0
"salvador";1.0;1.0
"sanitari";2.0;2.0
"sara";1.0;1.0
"satisfact";2.0;2.0
"saturday";2.0;3.0
"scale";1.0;1.0
"scapegoat";1.0;1.0
"schedul";2.0;3.0
"scholar";1.0;1.0
"scholarship";2.0;2.0
"school";1.0;1.0
"scienc";4.0;9.0
"scientif";2.0;2.0
"scof";1.0;1.0
"scope";1.0;1.0
"scrap";2.0;2.0
"season";1.0;1.0
"seat";1.0;1.0
"secretari";8.0;9.0
"sector";4.0;4.0
"secur";12.0;22.0
"seed";2.0;2.0
"seek";7.0;13.0
"seem";2.0;2.0
"seizur";2.0;2.0
"self";2.0;2.0
"senat";1.0;1.0
"seng";1.0;1.0
"senior";1.0;1.0
"sent";1.0;2.0
"sentenc";2.0;2.0
"sentral";2.0;2.0
"separ";2.0;4.0
"sept";3.0;4.0
"septemb";2.0;2.0
"seri";5.0;5.0
"serious";1.0;1.0
"serv";2.0;2.0
"servic";3.0;3.0
"settl";1.0;1.0
"settlement";3.0;5.0
"sever";3.0;3.0
"sexual";1.0;3.0
"shape";1.0;1.0
"share";4.0;9.0
"shelv";2.0;2.0
"shift";1.0;1.0
"shilei";1.0;1.0
"shinzo";8.0;8.0
"shipbuild";1.0;1.0
"show";3.0;3.0
"shown";1.0;1.0
"shuang";1.0;1.0
"shuttl";1.0;1.0
"side";8.0;125.0
"sidelin";1.0;1.0
"sign";12.0;16.0
"signifi";1.0;1.0
"signific";2.0;2.0
"similar";1.0;1.0
"simpler";1.0;1.0
"simpli";1.0;1.0
"sincer";3.0;3.0
"singapor";1.0;1.0
"sino";3.0;3.0
"siriraj";1.0;1.0
"situat";2.0;2.0
"skill";1.0;1.0
"slate";1.0;1.0
"slaveri";1.0;1.0
"smart";1.0;1.0
"smoke";1.0;4.0
"smoker";1.0;1.0
"smooth";2.0;2.0
"social";4.0;4.0
"societi";1.0;2.0
"socioeconom";1.0;2.0
"soft";1.0;1.0
"soldier";5.0;5.0
"solid";1.0;1.0
"solut";3.0;3.0
"solv";1.0;1.0
"sometim";1.0;1.0
"sooner";1.0;1.0
"soukthavi";2.0;4.0
"sound";4.0;4.0
"sourc";1.0;1.0
"south";13.0;44.0
"southeast";5.0;6.0
"southern";3.0;3.0
"sovereign";3.0;5.0
"sovereignti";2.0;6.0
"space";1.0;1.0
"spat";2.0;2.0
"speak";3.0;3.0
"specif";1.0;1.0
"speech";5.0;6.0
"speed";2.0;2.0
"spirit";2.0;2.0
"spoke";2.0;2.0
"spokesman";4.0;5.0
"spokesperson";6.0;8.0
"sport";2.0;2.0
"stabil";8.0;14.0
"stabl";4.0;4.0
"stadium";1.0;1.0
"stanc";2.0;2.0
"stand";4.0;4.0
"standard";2.0;4.0
"start";5.0;8.0
"state";23.0;46.0
"statement";9.0;14.0
"station";2.0;2.0
"statist";2.0;2.0
"statur";1.0;1.0
"status";1.0;3.0
"stay";1.0;1.0
"steer";1.0;1.0
"step";2.0;3.0
"stir";1.0;1.0
"stoke";1.0;1.0
"stop";4.0;5.0
"strateg";5.0;5.0
"strategi";3.0;3.0
"street";1.0;1.0
"strengthen";11.0;20.0
"stress";1.0;1.0
"strike";1.0;1.0
"strive";2.0;2.0
"strong";5.0;5.0
"stronger";3.0;4.0
"structur";2.0;2.0
"studi";4.0;5.0
"stunt";1.0;1.0
"style";1.0;1.0
"subject";2.0;6.0
"submit";1.0;1.0
"subservi";1.0;1.0
"substant";2.0;2.0
"success";3.0;3.0
"suffici";1.0;1.0
"sultan";4.0;7.0
"sulu";2.0;2.0
"summit";2.0;2.0
"sunday";3.0;3.0
"super";1.0;1.0
"supervis";2.0;2.0
"support";15.0;30.0
"suprem";1.0;1.0
"sure";1.0;1.0
"surplus";1.0;2.0
"surrend";2.0;2.0
"surviv";2.0;2.0
"suspect";2.0;5.0
"sustain";6.0;7.0
"swap";2.0;2.0
"system";3.0;4.0
"tactic";1.0;1.0
"take";8.0;9.0
"talk";11.0;12.0
"tangibl";2.0;2.0
"task";2.0;5.0
"technic";3.0;4.0
"technolog";4.0;21.0
"telecommun";2.0;2.0
"tension";2.0;4.0
"term";4.0;6.0
"termin";2.0;2.0
"territori";6.0;9.0
"terror";7.0;13.0
"test";2.0;2.0
"textbook";1.0;1.0
"thai";1.0;2.0
"thailand";1.0;3.0
"thank";2.0;2.0
"theodor";1.0;1.0
"thing";1.0;2.0
"think";2.0;2.0
"third";1.0;1.0
"threat";4.0;9.0
"threaten";1.0;1.0
"thursday";12.0;15.0
"thwart";1.0;1.0
"tight";1.0;1.0
"time";12.0;15.0
"tobacco";1.0;2.0
"tokyo";6.0;13.0
"told";12.0;14.0
"took";5.0;5.0
"total";4.0;4.0
"touch";2.0;2.0
"tour";1.0;1.0
"tourism";3.0;11.0
"tourist";3.0;3.0
"track";5.0;7.0
"trade";10.0;26.0
"tradit";5.0;6.0
"traffick";2.0;6.0
"train";6.0;14.0
"transfer";4.0;5.0
"transit";1.0;1.0
"transnat";2.0;4.0
"transpar";2.0;2.0
"transport";4.0;6.0
"travel";2.0;2.0
"treat";3.0;3.0
"treati";3.0;4.0
"treatment";1.0;1.0
"trend";2.0;2.0
"tribun";2.0;2.0
"trickl";1.0;1.0
"trip";4.0;4.0
"tripl";1.0;1.0
"troop";6.0;16.0
"truli";2.0;2.0
"trust";5.0;6.0
"tuesday";13.0;17.0
"tugad";1.0;2.0
"turn";1.0;1.0
"twilight";1.0;1.0
"twin";2.0;2.0
"ubial";1.0;2.0
"umbrella";1.0;2.0
"unabl";1.0;1.0
"unclo";3.0;4.0
"underspend";1.0;1.0
"understand";4.0;31.0
"undertak";4.0;6.0
"undertaken";2.0;2.0
"undertook";2.0;2.0
"undu";1.0;1.0
"unfair";1.0;1.0
"unilater";2.0;2.0
"union";1.0;1.0
"unit";15.0;24.0
"univers";6.0;13.0
"unjust";1.0;1.0
"unmistak";1.0;1.0
"unravel";1.0;1.0
"unrealist";1.0;1.0
"upcom";1.0;1.0
"uphold";3.0;3.0
"urban";1.0;1.0
"urgent";1.0;1.0
"user";2.0;2.0
"utmost";2.0;2.0
"vajiralongkorn";1.0;2.0
"valu";2.0;2.0
"vapor";2.0;2.0
"various";3.0;4.0
"venu";1.0;1.0
"vientian";4.0;4.0
"view";3.0;6.0
"viii";1.0;1.0
"violat";1.0;1.0
"violenc";1.0;1.0
"violent";2.0;4.0
"visaya";3.0;3.0
"vision";1.0;1.0
"visit";30.0;96.0
"voic";5.0;5.0
"vulner";1.0;1.0
"wage";2.0;2.0
"wait";1.0;1.0
"wang";1.0;3.0
"wanquan";1.0;1.0
"want";10.0;15.0
"warm";3.0;3.0
"warn";2.0;2.0
"warship";1.0;1.0
"wartim";1.0;2.0
"washington";6.0;9.0
"watch";1.0;1.0
"water";2.0;4.0
"weaken";1.0;1.0
"weaker";1.0;2.0
"websit";1.0;1.0
"wednesday";9.0;9.0
"week";7.0;10.0
"welcom";6.0;16.0
"welfar";2.0;2.0
"wherein";1.0;1.0
"wide";1.0;1.0
"wildlif";2.0;2.0
"will";5.0;7.0
"willing";2.0;4.0
"window";1.0;1.0
"wing";2.0;2.0
"wipe";1.0;1.0
"wiser";1.0;1.0
"wish";3.0;4.0
"women";1.0;12.0
"wonder";1.0;1.0
"work";7.0;10.0
"world";9.0;13.0
"worldwid";1.0;1.0
"worri";2.0;2.0
"wrap";3.0;3.0
"writer";2.0;2.0
"wrong";1.0;1.0
"wrote";1.0;1.0
"xinhua";6.0;8.0
"xisha";1.0;1.0
"yasay";1.0;3.0
"year";17.0;34.0
"zamboanga";1.0;1.0
"zhang";3.0;5.0
"zongz";1.0;1.0
